Node_Id,Criterion,Loss
715898,RMSE,2.196091413497925
715898,MAPE,0.027626991271972656
715898,MAE,1.7528316974639893
715898,MSE,4.822817802429199
715933,RMSE,6.033109664916992
715933,MAPE,0.08297786116600037
715933,MAE,4.975613117218018
715933,MSE,36.39841079711914
716007,RMSE,2.1746420860290527
716007,MAPE,0.027348821982741356
716007,MAE,1.7372792959213257
716007,MSE,4.729068279266357
716101,RMSE,8.038073539733887
716101,MAPE,0.7216799855232239
716101,MAE,6.875476837158203
716101,MSE,64.61063385009766
716143,RMSE,6.944543361663818
716143,MAPE,0.17104436457157135
716143,MAE,4.884474277496338
716143,MSE,48.226680755615234
716146,RMSE,6.8526530265808105
716146,MAPE,0.14129085838794708
716146,MAE,5.614438533782959
716146,MSE,46.95885467529297
716187,RMSE,8.378888130187988
716187,MAPE,0.6214919686317444
716187,MAE,7.141515254974365
716187,MSE,70.20577239990234
716203,RMSE,6.336782932281494
716203,MAPE,0.30077624320983887
716203,MAE,5.106232643127441
716203,MSE,40.15481948852539
716241,RMSE,3.979646682739258
716241,MAPE,0.05556792393326759
716241,MAE,3.516841173171997
716241,MSE,15.8375883102417
716295,RMSE,0.40733635425567627
716295,MAPE,0.004623988643288612
716295,MAE,0.2995147109031677
716295,MSE,0.16592289507389069
716296,RMSE,5.731053352355957
716296,MAPE,0.1365477293729782
716296,MAE,4.248542308807373
716296,MSE,32.844974517822266
716359,RMSE,2.336890935897827
716359,MAPE,0.03042776696383953
716359,MAE,1.9136509895324707
716359,MSE,5.461059093475342
716392,RMSE,3.875525712966919
716392,MAPE,0.07081256061792374
716392,MAE,2.840812921524048
716392,MSE,15.019699096679688
716402,RMSE,8.44643497467041
716402,MAPE,0.1540171056985855
716402,MAE,7.718449592590332
716402,MSE,71.3422622680664
716414,RMSE,19.883750915527344
716414,MAPE,0.03866233676671982
716414,MAE,3.0255820751190186
716414,MSE,395.36358642578125
716426,RMSE,8.66523265838623
716426,MAPE,0.13607217371463776
716426,MAE,7.856024742126465
716426,MSE,75.08625793457031
716433,RMSE,1.840803623199463
716433,MAPE,0.029146892949938774
716433,MAE,1.4071497917175293
716433,MSE,3.3885579109191895
716440,RMSE,3.8369715213775635
716440,MAPE,0.06244374066591263
716440,MAE,3.0340614318847656
716440,MSE,14.722350120544434
716461,RMSE,7.982968330383301
716461,MAPE,0.28869903087615967
716461,MAE,5.116574287414551
716461,MSE,63.727787017822266
716485,RMSE,110.365234375
716485,MAPE,0.1415431797504425
716485,MAE,24.57086944580078
716485,MSE,12180.484375
716494,RMSE,0.7227042317390442
716494,MAPE,0.00963271502405405
716494,MAE,0.6100937128067017
716494,MSE,0.522301435470581
716551,RMSE,5.108251571655273
716551,MAPE,0.09911496937274933
716551,MAE,3.566261053085327
716551,MSE,26.094234466552734
716632,RMSE,5.77264404296875
716632,MAPE,0.09308869391679764
716632,MAE,4.368793964385986
716632,MSE,33.32341766357422
716674,RMSE,2.777247905731201
716674,MAPE,0.04863380640745163
716674,MAE,2.2990236282348633
716674,MSE,7.713106155395508
716719,RMSE,2.5885651111602783
716719,MAPE,0.031991519033908844
716719,MAE,2.112830400466919
716719,MSE,6.700668811798096
716775,RMSE,5.006745338439941
716775,MAPE,0.06126980111002922
716775,MAE,3.7950308322906494
716775,MSE,25.0674991607666
716847,RMSE,6.625277042388916
716847,MAPE,0.09494644403457642
716847,MAE,4.987932205200195
716847,MSE,43.89429473876953
716875,RMSE,7.761022567749023
716875,MAPE,0.14139379560947418
716875,MAE,6.702775478363037
716875,MSE,60.23347473144531
716891,RMSE,5.051307678222656
716891,MAPE,0.07349320501089096
716891,MAE,4.205449104309082
716891,MSE,25.515710830688477
716896,RMSE,3.721719980239868
716896,MAPE,0.03529900684952736
716896,MAE,2.1084094047546387
716896,MSE,13.85119915008545
716900,RMSE,7.305028438568115
716900,MAPE,0.10451959073543549
716900,MAE,6.0478339195251465
716900,MSE,53.363441467285156
716908,RMSE,6.412653923034668
716908,MAPE,0.11598477512598038
716908,MAE,4.537827968597412
716908,MSE,41.122127532958984
716918,RMSE,2.4739532470703125
716918,MAPE,0.030713526532053947
716918,MAE,1.8899091482162476
716918,MSE,6.1204447746276855
716922,RMSE,3.982405185699463
716922,MAPE,0.057076018303632736
716922,MAE,3.356346368789673
716922,MSE,15.859550476074219
716933,RMSE,6.141456127166748
716933,MAPE,0.09316785633563995
716933,MAE,4.487720966339111
716933,MSE,37.71748352050781
716940,RMSE,17.98275375366211
716940,MAPE,0.343032568693161
716940,MAE,15.322518348693848
716940,MSE,323.3794250488281
716942,RMSE,10.743597984313965
716942,MAPE,0.21912400424480438
716942,MAE,8.317004203796387
716942,MSE,115.4249038696289
716946,RMSE,6.316286563873291
716946,MAPE,0.09263115376234055
716946,MAE,5.221543312072754
716946,MSE,39.89547348022461
716960,RMSE,6.493166923522949
716960,MAPE,0.12445446103811264
716960,MAE,4.527490615844727
716960,MSE,42.161216735839844
716974,RMSE,4.240278244018555
716974,MAPE,0.045831017196178436
716974,MAE,2.906520366668701
716974,MSE,17.97995948791504
716983,RMSE,1805624.25
716983,MAPE,0.058742180466651917
716983,MAE,50710.48828125
716983,MSE,3260278898688.0
716993,RMSE,0.7582683563232422
716993,MAPE,0.009997474029660225
716993,MAE,0.633274495601654
716993,MSE,0.5749709010124207
717000,RMSE,8.430468559265137
717000,MAPE,0.1279575675725937
717000,MAE,6.112667083740234
717000,MSE,71.07280731201172
717002,RMSE,3.602689504623413
717002,MAPE,0.05306994169950485
717002,MAE,2.8804657459259033
717002,MSE,12.979372024536133
717004,RMSE,0.7582683563232422
717004,MAPE,0.009997474029660225
717004,MAE,0.633274495601654
717004,MSE,0.5749709010124207
717039,RMSE,3.511788845062256
717039,MAPE,0.041112784296274185
717039,MAE,2.6582863330841064
717039,MSE,12.332661628723145
717043,RMSE,3.6574363708496094
717043,MAPE,0.050107769668102264
717043,MAE,2.980835437774658
717043,MSE,13.376840591430664
717070,RMSE,6.174224376678467
717070,MAPE,0.09428257495164871
717070,MAE,5.535495281219482
717070,MSE,38.12104415893555
717091,RMSE,7.685510158538818
717091,MAPE,0.11136165261268616
717091,MAE,5.60170316696167
717091,MSE,59.06706619262695
717097,RMSE,3.153064727783203
717097,MAPE,0.04296140372753143
717097,MAE,2.81199312210083
717097,MSE,9.941817283630371
717114,RMSE,2.360684871673584
717114,MAPE,0.050528306514024734
717114,MAE,1.7909042835235596
717114,MSE,5.572833061218262
717127,RMSE,8.077580451965332
717127,MAPE,0.14674842357635498
717127,MAE,6.074872016906738
717127,MSE,65.24729919433594
717129,RMSE,5.980348587036133
717129,MAPE,0.09334364533424377
717129,MAE,4.323586463928223
717129,MSE,35.76456832885742
717140,RMSE,4.13779354095459
717140,MAPE,0.060340363532304764
717140,MAE,3.3380300998687744
717140,MSE,17.121334075927734
717142,RMSE,7.562890529632568
717142,MAPE,0.2694520950317383
717142,MAE,5.860392093658447
717142,MSE,57.19731521606445
717146,RMSE,5.542882919311523
717146,MAPE,0.10955959558486938
717146,MAE,4.5177788734436035
717146,MSE,30.723548889160156
717155,RMSE,6.016674995422363
717155,MAPE,0.10600842535495758
717155,MAE,4.555563449859619
717155,MSE,36.20037841796875
717167,RMSE,5.971553325653076
717167,MAPE,0.10586129128932953
717167,MAE,4.580507755279541
717167,MSE,35.659446716308594
717171,RMSE,8.11600112915039
717171,MAPE,0.2854512333869934
717171,MAE,6.266451358795166
717171,MSE,65.86947631835938
717190,RMSE,6.236028671264648
717190,MAPE,0.32054129242897034
717190,MAE,3.829507827758789
717190,MSE,38.88805389404297
717209,RMSE,7.680751323699951
717209,MAPE,0.11489580571651459
717209,MAE,5.946979999542236
717209,MSE,58.99393844604492
717226,RMSE,6.696421146392822
717226,MAPE,0.11189571022987366
717226,MAE,5.065087795257568
717226,MSE,44.84205627441406
717235,RMSE,3.129706859588623
717235,MAPE,0.03990739956498146
717235,MAE,2.612483501434326
717235,MSE,9.795064926147461
717252,RMSE,2.2239108085632324
717252,MAPE,0.027612993493676186
717252,MAE,1.769533395767212
717252,MSE,4.945779800415039
717263,RMSE,2.4813616275787354
717263,MAPE,0.03082195296883583
717263,MAE,1.8942508697509766
717263,MSE,6.157155513763428
717301,RMSE,65.45309448242188
717301,MAPE,0.08398360759019852
717301,MAE,5.729011535644531
717301,MSE,4284.107421875
717303,RMSE,1.8667182922363281
717303,MAPE,0.029259074479341507
717303,MAE,1.4249775409698486
717303,MSE,3.4846372604370117
717306,RMSE,8.430085182189941
717306,MAPE,0.11834686994552612
717306,MAE,7.113218307495117
717306,MSE,71.06632995605469
717308,RMSE,0.7227042317390442
717308,MAPE,0.00963271502405405
717308,MAE,0.6100937128067017
717308,MSE,0.522301435470581
717318,RMSE,7.693606376647949
717318,MAPE,0.16436311602592468
717318,MAE,6.496292591094971
717318,MSE,59.19157791137695
717322,RMSE,7.569035053253174
717322,MAPE,0.15724937617778778
717322,MAE,6.377614974975586
717322,MSE,57.2902946472168
717332,RMSE,9.591797828674316
717332,MAPE,0.13200324773788452
717332,MAE,7.479483604431152
717332,MSE,92.0025863647461
717334,RMSE,8.463007926940918
717334,MAPE,0.17620468139648438
717334,MAE,6.622209548950195
717334,MSE,71.62249755859375
717337,RMSE,3.02213191986084
717337,MAPE,0.037959709763526917
717337,MAE,2.4217793941497803
717337,MSE,9.133280754089355
717339,RMSE,8.058483123779297
717339,MAPE,0.15306082367897034
717339,MAE,6.649113655090332
717339,MSE,64.93914794921875
717357,RMSE,4.0395827293396
717357,MAPE,0.05067848041653633
717357,MAE,3.288712739944458
717357,MSE,16.318227767944336
717358,RMSE,8.349305152893066
717358,MAPE,0.14832718670368195
717358,MAE,5.88218355178833
717358,MSE,69.71089935302734
717369,RMSE,3.300261974334717
717369,MAPE,0.05052027851343155
717369,MAE,2.5443835258483887
717369,MSE,10.891728401184082
717373,RMSE,8.595513343811035
717373,MAPE,0.5161616802215576
717373,MAE,6.4537434577941895
717373,MSE,73.88284301757812
717396,RMSE,7.796594142913818
717396,MAPE,2.509963274002075
717396,MAE,6.434879302978516
717396,MSE,60.7868766784668
717400,RMSE,7.371294975280762
717400,MAPE,0.051601704210042953
717400,MAE,3.1859607696533203
717400,MSE,54.33598709106445
717433,RMSE,9.511463165283203
717433,MAPE,0.1635391116142273
717433,MAE,6.694102764129639
717433,MSE,90.46793365478516
717436,RMSE,0.7317060828208923
717436,MAPE,0.009320324286818504
717436,MAE,0.5900341272354126
717436,MSE,0.5353937745094299
717443,RMSE,6.176178455352783
717443,MAPE,0.0739380493760109
717443,MAE,4.848106861114502
717443,MSE,38.145179748535156
717447,RMSE,1.6123559474945068
717447,MAPE,0.01888248324394226
717447,MAE,1.2668662071228027
717447,MSE,2.599691867828369
717462,RMSE,25958550.0
717462,MAPE,0.04138166829943657
717462,MAE,728992.875
717462,MSE,673846344548352.0
717466,RMSE,0.7582683563232422
717466,MAPE,0.009997474029660225
717466,MAE,0.633274495601654
717466,MSE,0.5749709010124207
717513,RMSE,3.740612506866455
717513,MAPE,0.046599097549915314
717513,MAE,2.9033827781677246
717513,MSE,13.992182731628418
717518,RMSE,4.5555419921875
717518,MAPE,0.05469457060098648
717518,MAE,3.3755128383636475
717518,MSE,20.752962112426758
717519,RMSE,17.706544876098633
717519,MAPE,0.07807614654302597
717519,MAE,5.085123062133789
717519,MSE,313.5217590332031
717528,RMSE,4.5710129737854
717528,MAPE,0.1920413374900818
717528,MAE,3.4484739303588867
717528,MSE,20.8941593170166
717534,RMSE,0.7227042317390442
717534,MAPE,0.00963271502405405
717534,MAE,0.6100937128067017
717534,MSE,0.522301435470581
717542,RMSE,5.270503997802734
717542,MAPE,0.06684848666191101
717542,MAE,4.177247524261475
717542,MSE,27.77821159362793
717570,RMSE,5.081734657287598
717570,MAPE,0.08116143941879272
717570,MAE,3.428117036819458
717570,MSE,25.82402801513672
717572,RMSE,6.871427536010742
717572,MAPE,0.13394112884998322
717572,MAE,4.774057388305664
717572,MSE,47.21651840209961
717573,RMSE,5.887331008911133
717573,MAPE,0.09659317880868912
717573,MAE,4.8224406242370605
717573,MSE,34.66066360473633
717595,RMSE,5.285445690155029
717595,MAPE,0.09384723752737045
717595,MAE,4.152589321136475
717595,MSE,27.935937881469727
717609,RMSE,7.293918132781982
717609,MAPE,0.12608186900615692
717609,MAE,5.403489112854004
717609,MSE,53.20124435424805
717617,RMSE,0.7582683563232422
717617,MAPE,0.009997474029660225
717617,MAE,0.633274495601654
717617,MSE,0.5749709010124207
717630,RMSE,6.852829933166504
717630,MAPE,0.08407074213027954
717630,MAE,4.41595458984375
717630,MSE,46.96127700805664
717631,RMSE,11.2827787399292
717631,MAPE,0.15865197777748108
717631,MAE,7.780972003936768
717631,MSE,127.30110168457031
717632,RMSE,0.7227042317390442
717632,MAPE,0.00963271502405405
717632,MAE,0.6100937128067017
717632,MSE,0.522301435470581
717653,RMSE,10.223196983337402
717653,MAPE,0.16939598321914673
717653,MAE,6.995345115661621
717653,MSE,104.51376342773438
717660,RMSE,57.04459762573242
717660,MAPE,0.06510365009307861
717660,MAE,6.014316558837891
717660,MSE,3254.0859375
717670,RMSE,2.4813616275787354
717670,MAPE,0.03082195296883583
717670,MAE,1.8942508697509766
717670,MSE,6.157155513763428
717684,RMSE,7.2424750328063965
717684,MAPE,0.10118386149406433
717684,MAE,5.346780776977539
717684,MSE,52.45344543457031
717697,RMSE,4.984867572784424
717697,MAPE,0.08109939098358154
717697,MAE,3.634187936782837
717697,MSE,24.84890365600586
717713,RMSE,13.835859298706055
717713,MAPE,0.14652042090892792
717713,MAE,5.054874420166016
717713,MSE,191.43101501464844
717715,RMSE,2731134.0
717715,MAPE,0.0985124409198761
717715,MAE,76702.4453125
717715,MSE,7459093086208.0
717724,RMSE,9.130977630615234
717724,MAPE,0.18806152045726776
717724,MAE,7.15438985824585
717724,MSE,83.37474822998047
717731,RMSE,6.406020641326904
717731,MAPE,0.5735880732536316
717731,MAE,4.881791114807129
717731,MSE,41.03710174560547
717740,RMSE,8.066832542419434
717740,MAPE,0.14744292199611664
717740,MAE,6.397317886352539
717740,MSE,65.07378387451172
717752,RMSE,0.7582683563232422
717752,MAPE,0.009997474029660225
717752,MAE,0.633274495601654
717752,MSE,0.5749709010124207
717756,RMSE,6.706571578979492
717756,MAPE,0.8077285885810852
717756,MAE,4.751206874847412
717756,MSE,44.97809982299805
717759,RMSE,2.080111265182495
717759,MAPE,0.025353677570819855
717759,MAE,1.6204768419265747
717759,MSE,4.3268632888793945
717770,RMSE,2.4739532470703125
717770,MAPE,0.030713526532053947
717770,MAE,1.8899091482162476
717770,MSE,6.1204447746276855
717772,RMSE,2.1746420860290527
717772,MAPE,0.027348821982741356
717772,MAE,1.7372792959213257
717772,MSE,4.729068279266357
717776,RMSE,4.4305901527404785
717776,MAPE,0.05355708673596382
717776,MAE,3.3428866863250732
717776,MSE,19.630130767822266
717801,RMSE,4.493874549865723
717801,MAPE,0.05204186961054802
717801,MAE,3.15244460105896
717801,MSE,20.194910049438477
717829,RMSE,7.362194538116455
717829,MAPE,0.10996542125940323
717829,MAE,5.2800164222717285
717829,MSE,54.20191192626953
717839,RMSE,12.664315223693848
717839,MAPE,0.22397778928279877
717839,MAE,10.65787410736084
717839,MSE,160.3848876953125
717843,RMSE,5.298892974853516
717843,MAPE,0.07420697808265686
717843,MAE,4.6047773361206055
717843,MSE,28.078264236450195
717859,RMSE,7.596510410308838
717859,MAPE,0.11680354923009872
717859,MAE,5.38004207611084
717859,MSE,57.706974029541016
717862,RMSE,0.7582683563232422
717862,MAPE,0.009997474029660225
717862,MAE,0.633274495601654
717862,MSE,0.5749709010124207
717872,RMSE,12.507477760314941
717872,MAPE,0.16148804128170013
717872,MAE,8.942741394042969
717872,MSE,156.43699645996094
717882,RMSE,676.0979614257812
717882,MAPE,0.12378823757171631
717882,MAE,125.60943603515625
717882,MSE,457108.4375
717888,RMSE,9129153.0
717888,MAPE,0.13160665333271027
717888,MAE,362571.78125
717888,MSE,83341432848384.0
717909,RMSE,7.46513032913208
717909,MAPE,0.1023847758769989
717909,MAE,5.603740692138672
717909,MSE,55.728172302246094
717910,RMSE,7.448163032531738
717910,MAPE,0.1379251480102539
717910,MAE,5.4839935302734375
717910,MSE,55.47513198852539
717912,RMSE,6.969974040985107
717912,MAPE,0.14775100350379944
717912,MAE,4.8154730796813965
717912,MSE,48.58053970336914
717920,RMSE,5.061749458312988
717920,MAPE,0.06774565577507019
717920,MAE,4.145400524139404
717920,MSE,25.621305465698242
717922,RMSE,6.3806681632995605
717922,MAPE,0.1110517606139183
717922,MAE,5.199757099151611
717922,MSE,40.712928771972656
717935,RMSE,14.271073341369629
717935,MAPE,0.2134593427181244
717935,MAE,11.541760444641113
717935,MSE,203.66354370117188
717938,RMSE,6.297667503356934
717938,MAPE,0.14344197511672974
717938,MAE,5.2000885009765625
717938,MSE,39.660614013671875
717940,RMSE,5.8743696212768555
717940,MAPE,0.07481785863637924
717940,MAE,4.662174224853516
717940,MSE,34.50822067260742
717951,RMSE,5.226957321166992
717951,MAPE,0.1986665427684784
717951,MAE,3.600656747817993
717951,MSE,27.32108497619629
717958,RMSE,0.6125265955924988
717958,MAPE,0.007376519031822681
717958,MAE,0.4950479567050934
717958,MSE,0.37518882751464844
717960,RMSE,5.708025932312012
717960,MAPE,0.08459637314081192
717960,MAE,4.487527370452881
717960,MSE,32.58156204223633
717983,RMSE,8.096614837646484
717983,MAPE,0.12901178002357483
717983,MAE,5.694889068603516
717983,MSE,65.55516815185547
717992,RMSE,2.4813616275787354
717992,MAPE,0.03082195296883583
717992,MAE,1.8942508697509766
717992,MSE,6.157155513763428
718008,RMSE,2.2239108085632324
718008,MAPE,0.027612993493676186
718008,MAE,1.769533395767212
718008,MSE,4.945779800415039
718050,RMSE,1.383987307548523
718050,MAPE,0.01958768628537655
718050,MAE,1.2339884042739868
718050,MSE,1.9154210090637207
718051,RMSE,9.559712409973145
718051,MAPE,0.17655347287654877
718051,MAE,6.275161266326904
718051,MSE,91.38810729980469
718052,RMSE,2.777247905731201
718052,MAPE,0.04863380640745163
718052,MAE,2.2990236282348633
718052,MSE,7.713106155395508
718064,RMSE,4.8659210205078125
718064,MAPE,0.0943104699254036
718064,MAE,3.582271099090576
718064,MSE,23.67718505859375
718076,RMSE,7.85009765625
718076,MAPE,0.13019217550754547
718076,MAE,5.93382453918457
718076,MSE,61.62403106689453
718102,RMSE,6.15182638168335
718102,MAPE,0.10472091287374496
718102,MAE,4.324662208557129
718102,MSE,37.844970703125
718103,RMSE,9.22436237335205
718103,MAPE,0.16098971664905548
718103,MAE,8.689387321472168
718103,MSE,85.08885955810547
718119,RMSE,2.7519588470458984
718119,MAPE,0.05120816081762314
718119,MAE,2.0195517539978027
718119,MSE,7.573277473449707
718126,RMSE,2.1746420860290527
718126,MAPE,0.027348821982741356
718126,MAE,1.7372792959213257
718126,MSE,4.729068279266357
718146,RMSE,5.962448596954346
718146,MAPE,0.08334880322217941
718146,MAE,4.422064304351807
718146,MSE,35.5507926940918
718166,RMSE,7.0896220207214355
718166,MAPE,0.11625945568084717
718166,MAE,5.691259384155273
718166,MSE,50.26274108886719
718229,RMSE,2.196091413497925
718229,MAPE,0.027626991271972656
718229,MAE,1.7528316974639893
718229,MSE,4.822817802429199
718238,RMSE,7.060067176818848
718238,MAPE,0.13375937938690186
718238,MAE,5.961148262023926
718238,MSE,49.84455108642578
718242,RMSE,7.352345943450928
718242,MAPE,0.1305544674396515
718242,MAE,5.432204246520996
718242,MSE,54.05699157714844
718253,RMSE,8.318652153015137
718253,MAPE,0.18133197724819183
718253,MAE,6.698795795440674
718253,MSE,69.1999740600586
718258,RMSE,18.793733596801758
718258,MAPE,0.2437381148338318
718258,MAE,13.77468490600586
718258,MSE,353.20440673828125
718277,RMSE,9.541008949279785
718277,MAPE,2.025771379470825
718277,MAE,6.654638767242432
718277,MSE,91.03085327148438
718287,RMSE,9.607786178588867
718287,MAPE,0.059572603553533554
718287,MAE,3.648322343826294
718287,MSE,92.3095474243164
718292,RMSE,5.5387444496154785
718292,MAPE,0.08220083266496658
718292,MAE,4.083227157592773
718292,MSE,30.677690505981445
718297,RMSE,4.64932107925415
718297,MAPE,0.23957237601280212
718297,MAE,3.5666990280151367
718297,MSE,21.616186141967773
718300,RMSE,93.4413070678711
718300,MAPE,0.05819544568657875
718300,MAE,6.031773090362549
718300,MSE,8731.27734375
718308,RMSE,27.128694534301758
718308,MAPE,0.0732441395521164
718308,MAE,4.604449272155762
718308,MSE,735.966064453125
718310,RMSE,3.84395170211792
718310,MAPE,0.05370236933231354
718310,MAE,3.0349948406219482
718310,MSE,14.77596378326416
718314,RMSE,4.556605339050293
718314,MAPE,0.02608090452849865
718314,MAE,1.3317524194717407
718314,MSE,20.762651443481445
718315,RMSE,3.2421586513519287
718315,MAPE,0.025842955335974693
718315,MAE,1.640006184577942
718315,MSE,10.511592864990234
718332,RMSE,0.7227042317390442
718332,MAPE,0.00963271502405405
718332,MAE,0.6100937128067017
718332,MSE,0.522301435470581
718389,RMSE,7.570496559143066
718389,MAPE,0.1465415209531784
718389,MAE,6.7159504890441895
718389,MSE,57.31241989135742
718405,RMSE,110.28792572021484
718405,MAPE,0.12508223950862885
718405,MAE,9.700322151184082
718405,MSE,12163.4267578125
718419,RMSE,2.196091413497925
718419,MAPE,0.027626991271972656
718419,MAE,1.7528316974639893
718419,MSE,4.822817802429199
718421,RMSE,6.253813743591309
718421,MAPE,0.09298017621040344
718421,MAE,5.208720684051514
718421,MSE,39.11018371582031
718493,RMSE,9.175918579101562
718493,MAPE,0.14901810884475708
718493,MAE,6.789081573486328
718493,MSE,84.19747924804688
737278,RMSE,0.7582683563232422
737278,MAPE,0.009997474029660225
737278,MAE,0.633274495601654
737278,MSE,0.5749709010124207
737292,RMSE,3.6881158351898193
737292,MAPE,0.04291202127933502
737292,MAE,2.1978845596313477
737292,MSE,13.602198600769043
737345,RMSE,2.9797699451446533
737345,MAPE,0.031321924179792404
737345,MAE,1.759723424911499
737345,MSE,8.8790283203125
737433,RMSE,12.311775207519531
737433,MAPE,0.16714781522750854
737433,MAE,8.227057456970215
737433,MSE,151.57981872558594
759422,RMSE,5.711863994598389
759422,MAPE,0.25499191880226135
759422,MAE,4.6799445152282715
759422,MSE,32.62539291381836
759617,RMSE,5.751241207122803
759617,MAPE,0.0903695747256279
759617,MAE,5.240776538848877
759617,MSE,33.07677459716797
759677,RMSE,6.064793586730957
759677,MAPE,0.09143270552158356
759677,MAE,4.5018110275268555
759677,MSE,36.78172302246094
759906,RMSE,3.9300339221954346
759906,MAPE,0.048202719539403915
759906,MAE,3.130901575088501
759906,MSE,15.445167541503906
759965,RMSE,0.7582683563232422
759965,MAPE,0.009997474029660225
759965,MAE,0.633274495601654
759965,MSE,0.5749709010124207
759967,RMSE,5.700145244598389
759967,MAPE,0.08628981560468674
759967,MAE,2.629657506942749
759967,MSE,32.49165725708008
759987,RMSE,8.775944709777832
759987,MAPE,0.13886059820652008
759987,MAE,7.8892011642456055
759987,MSE,77.0172119140625
759992,RMSE,5.4777092933654785
759992,MAPE,0.07875541597604752
759992,MAE,4.202297687530518
759992,MSE,30.005298614501953
760100,RMSE,4.019681453704834
760100,MAPE,0.052387677133083344
760100,MAE,3.096815824508667
760100,MSE,16.157838821411133
760110,RMSE,8.631455421447754
760110,MAPE,0.13637571036815643
760110,MAE,7.230025768280029
760110,MSE,74.50202941894531
760188,RMSE,19.438875198364258
760188,MAPE,0.24526262283325195
760188,MAE,6.824208736419678
760188,MSE,377.869873046875
760199,RMSE,9.163978576660156
760199,MAPE,0.1507897675037384
760199,MAE,6.71697998046875
760199,MSE,83.97850036621094
760256,RMSE,2.4739532470703125
760256,MAPE,0.030713526532053947
760256,MAE,1.8899091482162476
760256,MSE,6.1204447746276855
760283,RMSE,1085184.125
760283,MAPE,0.2230309396982193
760283,MAE,30480.11328125
760283,MSE,1177624510464.0
760303,RMSE,4.541618824005127
760303,MAPE,0.06474459916353226
760303,MAE,3.501617670059204
760303,MSE,20.626300811767578
760403,RMSE,4.448200702667236
760403,MAPE,0.06762181967496872
760403,MAE,3.8505733013153076
760403,MSE,19.78649139404297
760424,RMSE,3.456254720687866
760424,MAPE,0.039474934339523315
760424,MAE,2.353307008743286
760424,MSE,11.945696830749512
760476,RMSE,2.1746420860290527
760476,MAPE,0.027348821982741356
760476,MAE,1.7372792959213257
760476,MSE,4.729068279266357
760512,RMSE,3.5054924488067627
760512,MAPE,0.05065997317433357
760512,MAE,3.160479784011841
760512,MSE,12.288476943969727
760572,RMSE,0.7582683563232422
760572,MAPE,0.009997474029660225
760572,MAE,0.633274495601654
760572,MSE,0.5749709010124207
760606,RMSE,4.959549427032471
760606,MAPE,0.14034445583820343
760606,MAE,3.420701742172241
760606,MSE,24.597131729125977
760672,RMSE,5.3033647537231445
760672,MAPE,0.09106181561946869
760672,MAE,4.13228178024292
760672,MSE,28.12567710876465
760686,RMSE,10.992218971252441
760686,MAPE,0.14866484701633453
760686,MAE,8.190510749816895
760686,MSE,120.8288803100586
760693,RMSE,3.745455741882324
760693,MAPE,0.0491996705532074
760693,MAE,3.1703131198883057
760693,MSE,14.028438568115234
760746,RMSE,3.8858962059020996
760746,MAPE,0.05925506353378296
760746,MAE,3.026247978210449
760746,MSE,15.100190162658691
760782,RMSE,2.196091413497925
760782,MAPE,0.027626991271972656
760782,MAE,1.7528316974639893
760782,MSE,4.822817802429199
761031,RMSE,5.116018772125244
761031,MAPE,0.17143826186656952
761031,MAE,3.44382381439209
761031,MSE,26.173646926879883
761044,RMSE,2.515496015548706
761044,MAPE,0.03087669238448143
761044,MAE,1.9164263010025024
761044,MSE,6.327719688415527
761093,RMSE,7.2372846603393555
761093,MAPE,0.17103326320648193
761093,MAE,5.324366569519043
761093,MSE,52.37828826904297
761149,RMSE,1.284523367881775
761149,MAPE,0.014618719927966595
761149,MAE,0.9731595516204834
761149,MSE,1.6500003337860107
761199,RMSE,3.8266549110412598
761199,MAPE,0.05364185944199562
761199,MAE,2.93949818611145
761199,MSE,14.643288612365723
761242,RMSE,5.673062801361084
761242,MAPE,0.06583444774150848
761242,MAE,3.848618268966675
761242,MSE,32.18364334106445
761318,RMSE,5.224266052246094
761318,MAPE,0.0670444667339325
761318,MAE,4.16501522064209
761318,MSE,27.292957305908203
761325,RMSE,19.63404655456543
761325,MAPE,0.0701058879494667
761325,MAE,4.461653709411621
761325,MSE,385.4957580566406
761353,RMSE,9.636775016784668
761353,MAPE,0.17015354335308075
761353,MAE,3.0918588638305664
761353,MSE,92.867431640625
761382,RMSE,10.614693641662598
761382,MAPE,0.1651574671268463
761382,MAE,8.918869972229004
761382,MSE,112.67171478271484
761396,RMSE,5.591729640960693
761396,MAPE,0.0751042440533638
761396,MAE,4.60255241394043
761396,MSE,31.26744270324707
761441,RMSE,4.640549182891846
761441,MAPE,0.04003458842635155
761441,MAE,2.3290061950683594
761441,MSE,21.534698486328125
761448,RMSE,24.209131240844727
761448,MAPE,0.04452900588512421
761448,MAE,3.8567795753479004
761448,MSE,586.08203125
761526,RMSE,4.550527095794678
761526,MAPE,0.062234487384557724
761526,MAE,3.3045742511749268
761526,MSE,20.70729637145996
761532,RMSE,8.838134765625
761532,MAPE,0.20506709814071655
761532,MAE,5.764418125152588
761532,MSE,78.11262512207031
761644,RMSE,5.430741786956787
761644,MAPE,0.13946884870529175
761644,MAE,3.973078727722168
761644,MSE,29.49295425415039
761734,RMSE,1.968134880065918
761734,MAPE,0.024865156039595604
761734,MAE,1.623265027999878
761734,MSE,3.8735547065734863
762405,RMSE,5.11715030670166
762405,MAPE,0.09783677756786346
762405,MAE,4.053412914276123
762405,MSE,26.185226440429688
762410,RMSE,3.608513832092285
762410,MAPE,0.05143226310610771
762410,MAE,3.188786745071411
762410,MSE,13.021371841430664
762436,RMSE,13.914003372192383
762436,MAPE,0.11764659732580185
762436,MAE,4.826152801513672
762436,MSE,193.5994873046875
762438,RMSE,6.181977272033691
762438,MAPE,0.0965510755777359
762438,MAE,5.3676066398620605
762438,MSE,38.21684265136719
762455,RMSE,4.6503190994262695
762455,MAPE,0.06296965479850769
762455,MAE,3.6628432273864746
762455,MSE,21.62546730041504
762459,RMSE,3.247847318649292
762459,MAPE,0.03998459130525589
762459,MAE,2.5677409172058105
762459,MSE,10.54851245880127
762486,RMSE,0.7582683563232422
762486,MAPE,0.009997474029660225
762486,MAE,0.633274495601654
762486,MSE,0.5749709010124207
762494,RMSE,4.26230525970459
762494,MAPE,0.04415825009346008
762494,MAE,2.680065870285034
762494,MSE,18.167245864868164
762498,RMSE,8.03761100769043
762498,MAPE,0.23821191489696503
762498,MAE,5.195700645446777
762498,MSE,64.60318756103516
762508,RMSE,7.079626560211182
762508,MAPE,0.12828458845615387
762508,MAE,5.706881999969482
762508,MSE,50.12111282348633
762517,RMSE,5.152944087982178
762517,MAPE,0.2646341919898987
762517,MAE,4.1851701736450195
762517,MSE,26.552833557128906
762518,RMSE,3.722524642944336
762518,MAPE,0.048270225524902344
762518,MAE,3.0629029273986816
762518,MSE,13.857189178466797
762559,RMSE,2.2239108085632324
762559,MAPE,0.027612993493676186
762559,MAE,1.769533395767212
762559,MSE,4.945779800415039
762588,RMSE,4.870689868927002
762588,MAPE,0.06598936766386032
762588,MAE,3.4293019771575928
762588,MSE,23.72361946105957
762594,RMSE,0.7582683563232422
762594,MAPE,0.009997474029660225
762594,MAE,0.633274495601654
762594,MSE,0.5749709010124207
762598,RMSE,3.700075626373291
762598,MAPE,0.057521671056747437
762598,MAE,3.456559181213379
762598,MSE,13.690560340881348
762612,RMSE,8.291048049926758
762612,MAPE,0.20615817606449127
762612,MAE,6.146503448486328
762612,MSE,68.74147033691406
762616,RMSE,2.3957953453063965
762616,MAPE,0.032569240778684616
762616,MAE,2.049405813217163
762616,MSE,5.739835262298584
762619,RMSE,2.196091413497925
762619,MAPE,0.027626991271972656
762619,MAE,1.7528316974639893
762619,MSE,4.822817802429199
762640,RMSE,4.175179958343506
762640,MAPE,0.052316851913928986
762640,MAE,3.1997263431549072
762640,MSE,17.43212890625
762643,RMSE,3.6970837116241455
762643,MAPE,0.04956018924713135
762643,MAE,2.763716697692871
762643,MSE,13.668427467346191
762649,RMSE,3.324296236038208
762649,MAPE,0.04533948376774788
762649,MAE,2.517242908477783
762649,MSE,11.050946235656738
762673,RMSE,2.2239108085632324
762673,MAPE,0.027612993493676186
762673,MAE,1.769533395767212
762673,MSE,4.945779800415039
763243,RMSE,6.871724605560303
763243,MAPE,0.1091654896736145
763243,MAE,5.914772033691406
763243,MSE,47.22060012817383
763264,RMSE,9.863752365112305
763264,MAPE,0.10108057409524918
763264,MAE,4.6313605308532715
763264,MSE,97.2936019897461
763291,RMSE,7.427772521972656
763291,MAPE,0.20569896697998047
763291,MAE,5.5667877197265625
763291,MSE,55.17180252075195
763330,RMSE,8.024827003479004
763330,MAPE,0.136893630027771
763330,MAE,7.094507694244385
763330,MSE,64.3978500366211
763377,RMSE,3.0117712020874023
763377,MAPE,0.03645133227109909
763377,MAE,2.2606966495513916
763377,MSE,9.070765495300293
763392,RMSE,6.8585381507873535
763392,MAPE,0.2218898981809616
763392,MAE,5.009432315826416
763392,MSE,47.039546966552734
763400,RMSE,7.758967876434326
763400,MAPE,0.11913976818323135
763400,MAE,6.922419548034668
763400,MSE,60.20158004760742
763408,RMSE,9.39270305633545
763408,MAPE,0.15735891461372375
763408,MAE,8.39460563659668
763408,MSE,88.22286224365234
763413,RMSE,2.4094903469085693
763413,MAPE,0.04816025123000145
763413,MAE,1.9208133220672607
763413,MSE,5.805643558502197
763485,RMSE,2.2239108085632324
763485,MAPE,0.027612993493676186
763485,MAE,1.769533395767212
763485,MSE,4.945779800415039
763507,RMSE,4.485019207000732
763507,MAPE,0.05514951050281525
763507,MAE,2.7660908699035645
763507,MSE,20.11539649963379
763512,RMSE,7.240814208984375
763512,MAPE,0.3132060468196869
763512,MAE,6.066919326782227
763512,MSE,52.42938995361328
763527,RMSE,2.2239108085632324
763527,MAPE,0.027612993493676186
763527,MAE,1.769533395767212
763527,MSE,4.945779800415039
763537,RMSE,2.196091413497925
763537,MAPE,0.027626991271972656
763537,MAE,1.7528316974639893
763537,MSE,4.822817802429199
763546,RMSE,7.039945602416992
763546,MAPE,0.11048430949449539
763546,MAE,4.866725444793701
763546,MSE,49.56083297729492
763606,RMSE,78.40460205078125
763606,MAPE,0.10884115844964981
763606,MAE,6.672443389892578
763606,MSE,6147.28173828125
763614,RMSE,4.918783187866211
763614,MAPE,0.07278205454349518
763614,MAE,3.8893818855285645
763614,MSE,24.194429397583008
763649,RMSE,12.060643196105957
763649,MAPE,0.4461733102798462
763649,MAE,9.514476776123047
763649,MSE,145.4591064453125
763695,RMSE,6.062382698059082
763695,MAPE,0.09461767226457596
763695,MAE,4.949060916900635
763695,MSE,36.75248336791992
763970,RMSE,5.486837387084961
763970,MAPE,0.08259861916303635
763970,MAE,4.591275691986084
763970,MSE,30.105382919311523
763999,RMSE,6.45698881149292
763999,MAPE,0.11860286444425583
763999,MAE,5.209078311920166
763999,MSE,41.69270706176758
764068,RMSE,9.67032527923584
764068,MAPE,0.15430527925491333
764068,MAE,7.632948875427246
764068,MSE,93.51518249511719
764081,RMSE,2.1746420860290527
764081,MAPE,0.027348821982741356
764081,MAE,1.7372792959213257
764081,MSE,4.729068279266357
764144,RMSE,0.7582683563232422
764144,MAPE,0.009997474029660225
764144,MAE,0.633274495601654
764144,MSE,0.5749709010124207
764146,RMSE,5.106832504272461
764146,MAPE,0.07097192853689194
764146,MAE,4.309469223022461
764146,MSE,26.079736709594727
764151,RMSE,6.7994384765625
764151,MAPE,0.09425012022256851
764151,MAE,5.650623798370361
764151,MSE,46.232364654541016
764161,RMSE,12.151122093200684
764161,MAPE,0.17506499588489532
764161,MAE,9.520122528076172
764161,MSE,147.64976501464844
764189,RMSE,5.242687702178955
764189,MAPE,0.08512168377637863
764189,MAE,4.221916675567627
764189,MSE,27.48577308654785
764193,RMSE,14.107588768005371
764193,MAPE,0.1471700817346573
764193,MAE,7.117043495178223
764193,MSE,199.0240478515625
764232,RMSE,5.1453351974487305
764232,MAPE,0.07455384731292725
764232,MAE,4.4094438552856445
764232,MSE,26.47447395324707
764244,RMSE,2.681570053100586
764244,MAPE,0.03504994511604309
764244,MAE,2.183076858520508
764244,MSE,7.190817832946777
764260,RMSE,18.890371322631836
764260,MAPE,0.07418444007635117
764260,MAE,5.365952968597412
764260,MSE,356.84613037109375
764281,RMSE,13.255620956420898
764281,MAPE,0.1746111661195755
764281,MAE,7.798047065734863
764281,MSE,175.71148681640625
764288,RMSE,5.573514938354492
764288,MAPE,0.08508116751909256
764288,MAE,4.506282329559326
764288,MSE,31.064067840576172
764302,RMSE,6.851767063140869
764302,MAPE,0.3706009089946747
764302,MAE,5.133540153503418
764302,MSE,46.946712493896484
764318,RMSE,3.3476452827453613
764318,MAPE,0.04322539642453194
764318,MAE,2.84637713432312
764318,MSE,11.2067289352417
764425,RMSE,1.840803623199463
764425,MAPE,0.029146892949938774
764425,MAE,1.4071497917175293
764425,MSE,3.3885579109191895
764430,RMSE,5.59916877746582
764430,MAPE,0.7893945574760437
764430,MAE,4.476761341094971
764430,MSE,31.350690841674805
764563,RMSE,4.7931623458862305
764563,MAPE,0.1593015044927597
764563,MAE,3.7365527153015137
764563,MSE,22.974403381347656
764567,RMSE,3.158677577972412
764567,MAPE,0.03813047334551811
764567,MAE,2.4426419734954834
764567,MSE,9.977243423461914
764588,RMSE,6.5206804275512695
764588,MAPE,0.11091866344213486
764588,MAE,4.859716415405273
764588,MSE,42.51927185058594
764596,RMSE,35980864.0
764596,MAPE,0.03454359248280525
764596,MAE,1010466.3125
764596,MSE,1294622462574592.0
764646,RMSE,4.923644542694092
764646,MAPE,0.07478447258472443
764646,MAE,4.083588600158691
764646,MSE,24.242277145385742
764676,RMSE,6.119635581970215
764676,MAPE,0.12320501357316971
764676,MAE,5.118095874786377
764676,MSE,37.4499397277832
764754,RMSE,5.3870720863342285
764754,MAPE,0.09350545704364777
764754,MAE,4.2716169357299805
764754,MSE,29.020544052124023
764794,RMSE,9.440120697021484
764794,MAPE,0.33049508929252625
764794,MAE,7.8230509757995605
764794,MSE,89.11588287353516
764808,RMSE,4.53218936920166
764808,MAPE,0.08165623992681503
764808,MAE,3.6244735717773438
764808,MSE,20.540740966796875
764819,RMSE,6.823864936828613
764819,MAPE,0.0886312797665596
764819,MAE,5.411534309387207
764819,MSE,46.56513214111328
764863,RMSE,2.9128224849700928
764863,MAPE,0.037663646042346954
764863,MAE,2.5279104709625244
764863,MSE,8.484535217285156
764900,RMSE,14.412727355957031
764900,MAPE,0.24913279712200165
764900,MAE,10.866957664489746
764900,MSE,207.72671508789062
764949,RMSE,1.1457866430282593
764949,MAPE,0.01632082462310791
764949,MAE,1.0300565958023071
764949,MSE,1.3128269910812378
765099,RMSE,5.099236488342285
765099,MAPE,0.08444756269454956
765099,MAE,3.940389633178711
765099,MSE,26.002212524414062
765100,RMSE,3.5516746044158936
765100,MAPE,0.04903610795736313
765100,MAE,3.0319488048553467
765100,MSE,12.614392280578613
765176,RMSE,0.7582683563232422
765176,MAPE,0.009997474029660225
765176,MAE,0.633274495601654
765176,MSE,0.5749709010124207
765444,RMSE,11.034417152404785
765444,MAPE,0.18863357603549957
765444,MAE,9.256392478942871
765444,MSE,121.75836944580078
765451,RMSE,0.7227042317390442
765451,MAPE,0.00963271502405405
765451,MAE,0.6100937128067017
765451,MSE,0.522301435470581
765594,RMSE,3.4847660064697266
765594,MAPE,0.04708292335271835
765594,MAE,2.9100561141967773
765594,MSE,12.143593788146973
765959,RMSE,8.234066009521484
765959,MAPE,0.1191239207983017
765959,MAE,6.878482818603516
765959,MSE,67.79983520507812
765960,RMSE,3.702038049697876
765960,MAPE,0.05105705186724663
765960,MAE,2.8731369972229004
765960,MSE,13.705085754394531
765961,RMSE,2.196091413497925
765961,MAPE,0.027626991271972656
765961,MAE,1.7528316974639893
765961,MSE,4.822817802429199
766030,RMSE,2.041275978088379
766030,MAPE,0.022224847227334976
766030,MAE,1.449349284172058
766030,MSE,4.166807174682617
766138,RMSE,1.3455051183700562
766138,MAPE,0.016260020434856415
766138,MAE,1.0377968549728394
766138,MSE,1.8103840351104736
766209,RMSE,4.857469081878662
766209,MAPE,0.07001593708992004
766209,MAE,3.8869948387145996
766209,MSE,23.595006942749023
766336,RMSE,3.598215103149414
766336,MAPE,0.04654201120138168
766336,MAE,2.918358564376831
766336,MSE,12.947151184082031
766493,RMSE,9.57017707824707
766493,MAPE,0.23911422491073608
766493,MAE,7.420269966125488
766493,MSE,91.58828735351562
766505,RMSE,1.2845537662506104
766505,MAPE,0.017912961542606354
766505,MAE,1.128049612045288
766505,MSE,1.650078296661377
766510,RMSE,11.76247787475586
766510,MAPE,0.2784499526023865
766510,MAE,7.395788192749023
766510,MSE,138.3558807373047
766520,RMSE,4.812857151031494
766520,MAPE,0.06425446271896362
766520,MAE,4.210445880889893
766520,MSE,23.163593292236328
766528,RMSE,5.839390277862549
766528,MAPE,0.1276950240135193
766528,MAE,4.579950332641602
766528,MSE,34.09847640991211
766586,RMSE,7.063612461090088
766586,MAPE,0.08779487013816833
766586,MAE,5.211564064025879
766586,MSE,49.89461898803711
766601,RMSE,5.336556434631348
766601,MAPE,0.07510064542293549
766601,MAE,4.0973920822143555
766601,MSE,28.478836059570312
766749,RMSE,5.642513751983643
766749,MAPE,0.08269570022821426
766749,MAE,3.9002859592437744
766749,MSE,31.83795928955078
766789,RMSE,2.196091413497925
766789,MAPE,0.027626991271972656
766789,MAE,1.7528316974639893
766789,MSE,4.822817802429199
766851,RMSE,0.7582683563232422
766851,MAPE,0.009997474029660225
766851,MAE,0.633274495601654
766851,MSE,0.5749709010124207
767234,RMSE,4.499339580535889
767234,MAPE,0.05668724328279495
767234,MAE,3.563612222671509
767234,MSE,20.244056701660156
767494,RMSE,6.253623008728027
767494,MAPE,0.08841167390346527
767494,MAE,5.4512224197387695
767494,MSE,39.1077995300293
767598,RMSE,5.1765899658203125
767598,MAPE,0.08577542006969452
767598,MAE,4.072915077209473
767598,MSE,26.79708480834961
767609,RMSE,3.3794422149658203
767609,MAPE,0.048063188791275024
767609,MAE,2.225071430206299
767609,MSE,11.420629501342773
767839,RMSE,87.05999755859375
767839,MAPE,0.20493145287036896
767839,MAE,13.599589347839355
767839,MSE,7579.443359375
767847,RMSE,3.850417375564575
767847,MAPE,0.052929606288671494
767847,MAE,3.1962218284606934
767847,MSE,14.825714111328125
767910,RMSE,6.880468368530273
767910,MAPE,0.13943415880203247
767910,MAE,5.7387495040893555
767910,MSE,47.340843200683594
767940,RMSE,40.26559829711914
767940,MAPE,0.14241714775562286
767940,MAE,7.769327163696289
767940,MSE,1621.318359375
767941,RMSE,5.0741777420043945
767941,MAPE,0.07123739272356033
767941,MAE,4.360067844390869
767941,MSE,25.747282028198242
767954,RMSE,5.481020927429199
767954,MAPE,0.09108687192201614
767954,MAE,4.475373268127441
767954,MSE,30.041587829589844
767998,RMSE,2.4363327026367188
767998,MAPE,0.04812096059322357
767998,MAE,1.9413059949874878
767998,MSE,5.935717582702637
768000,RMSE,4.134095191955566
768000,MAPE,0.07233833521604538
768000,MAE,3.288203001022339
768000,MSE,17.090742111206055
768012,RMSE,1.840803623199463
768012,MAPE,0.029146892949938774
768012,MAE,1.4071497917175293
768012,MSE,3.3885579109191895
768014,RMSE,2.1746420860290527
768014,MAPE,0.027348821982741356
768014,MAE,1.7372792959213257
768014,MSE,4.729068279266357
768041,RMSE,4.2267913818359375
768041,MAPE,0.09572744369506836
768041,MAE,3.210946559906006
768041,MSE,17.865764617919922
768055,RMSE,6.855362415313721
768055,MAPE,0.09600481390953064
768055,MAE,5.597390651702881
768055,MSE,46.995994567871094
768229,RMSE,2.196091413497925
768229,MAPE,0.027626991271972656
768229,MAE,1.7528316974639893
768229,MSE,4.822817802429199
768230,RMSE,5.2154541015625
768230,MAPE,0.0728108286857605
768230,MAE,4.119760513305664
768230,MSE,27.200960159301758
768238,RMSE,0.7227042317390442
768238,MAPE,0.00963271502405405
768238,MAE,0.6100937128067017
768238,MSE,0.522301435470581
768311,RMSE,8.337750434875488
768311,MAPE,0.2617344856262207
768311,MAE,7.4657816886901855
768311,MSE,69.5180892944336
768354,RMSE,5.60571813583374
768354,MAPE,0.08211518824100494
768354,MAE,4.606489181518555
768354,MSE,31.4240779876709
768664,RMSE,2.196091413497925
768664,MAPE,0.027626991271972656
768664,MAE,1.7528316974639893
768664,MSE,4.822817802429199
768907,RMSE,2.4059505462646484
768907,MAPE,0.030725566670298576
768907,MAE,2.0622730255126953
768907,MSE,5.788598537445068
768945,RMSE,428.6635437011719
768945,MAPE,0.08105427026748657
768945,MAE,51.4227294921875
768945,MSE,183752.421875
768968,RMSE,2.766242027282715
768968,MAPE,0.03455764800310135
768968,MAE,2.254082202911377
768968,MSE,7.652094841003418
768969,RMSE,5.8307294845581055
768969,MAPE,0.08861351013183594
768969,MAE,4.639693737030029
768969,MSE,33.997406005859375
769042,RMSE,5.303244113922119
769042,MAPE,0.09975910931825638
769042,MAE,4.436207294464111
769042,MSE,28.124399185180664
769151,RMSE,5.724081516265869
769151,MAPE,0.07871691882610321
769151,MAE,4.885164260864258
769151,MSE,32.76511001586914
769228,RMSE,0.9456710815429688
769228,MAPE,0.012976680882275105
769228,MAE,0.8230800628662109
769228,MSE,0.8942938446998596
769238,RMSE,3.4267210960388184
769238,MAPE,0.05203027278184891
769238,MAE,2.678168773651123
769238,MSE,11.742417335510254
769265,RMSE,14.42432689666748
769265,MAPE,0.4890276789665222
769265,MAE,11.740737915039062
769265,MSE,208.06121826171875
769345,RMSE,9.887794494628906
769345,MAPE,0.5689683556556702
769345,MAE,8.319872856140137
769345,MSE,97.76847839355469
769373,RMSE,6.374870300292969
769373,MAPE,0.09897877275943756
769373,MAE,4.66830587387085
769373,MSE,40.638973236083984
769403,RMSE,7.002328395843506
769403,MAPE,0.11301340162754059
769403,MAE,5.762699127197266
769403,MSE,49.0326042175293
769444,RMSE,6.408535480499268
769444,MAPE,0.10239928215742111
769444,MAE,5.551275253295898
769444,MSE,41.06932830810547
769513,RMSE,7.755918502807617
769513,MAPE,0.31134939193725586
769513,MAE,6.660634517669678
769513,MSE,60.154273986816406
769704,RMSE,5.637692451477051
769704,MAPE,0.08485777676105499
769704,MAE,4.449180603027344
769704,MSE,31.7835750579834
769758,RMSE,5.062737464904785
769758,MAPE,0.07104242593050003
769758,MAE,4.450188159942627
769758,MSE,25.631311416625977
769807,RMSE,7.405731678009033
769807,MAPE,0.1580754965543747
769807,MAE,5.5764384269714355
769807,MSE,54.84486389160156
769911,RMSE,1.328992486000061
769911,MAPE,0.013287996873259544
769911,MAE,0.862777829170227
769911,MSE,1.766221046447754
769983,RMSE,6.714062213897705
769983,MAPE,0.16733750700950623
769983,MAE,5.6526055335998535
769983,MSE,45.07862854003906
770012,RMSE,5.416420936584473
770012,MAPE,0.06428308039903641
770012,MAE,3.834634780883789
770012,MSE,29.337614059448242
770048,RMSE,5.336395263671875
770048,MAPE,0.06677362322807312
770048,MAE,4.0965352058410645
770048,MSE,28.477113723754883
770076,RMSE,6.635493278503418
770076,MAPE,0.13603121042251587
770076,MAE,5.510445594787598
770076,MSE,44.0297737121582
770103,RMSE,5.046725273132324
770103,MAPE,0.08923433721065521
770103,MAE,3.5845611095428467
770103,MSE,25.46943473815918
770129,RMSE,4.658504486083984
770129,MAPE,0.10184130817651749
770129,MAE,3.8368544578552246
770129,MSE,21.701662063598633
770229,RMSE,7.445461273193359
770229,MAPE,0.2321610003709793
770229,MAE,5.292457103729248
770229,MSE,55.43489456176758
770290,RMSE,11.478540420532227
770290,MAPE,0.37898826599121094
770290,MAE,8.90628433227539
770290,MSE,131.7568817138672
770303,RMSE,3.2176718711853027
770303,MAPE,0.04210382327437401
770303,MAE,2.680007219314575
770303,MSE,10.353412628173828
770315,RMSE,6.224056720733643
770315,MAPE,0.09233725816011429
770315,MAE,4.933252334594727
770315,MSE,38.73888397216797
770401,RMSE,8.512472152709961
770401,MAPE,0.11224881559610367
770401,MAE,5.293069362640381
770401,MSE,72.46218872070312
770544,RMSE,1.3971436023712158
770544,MAPE,0.01627201773226261
770544,MAE,1.0605683326721191
770544,MSE,1.952010154724121
770545,RMSE,4.765811920166016
770545,MAPE,0.059347350150346756
770545,MAE,3.81381893157959
770545,MSE,22.71296501159668
770588,RMSE,6.114822864532471
770588,MAPE,0.10276598483324051
770588,MAE,4.497382164001465
770588,MSE,37.39105987548828
771143,RMSE,4.565673828125
771143,MAPE,0.06973236054182053
771143,MAE,4.088366985321045
771143,MSE,20.845378875732422
771223,RMSE,7.058800220489502
771223,MAPE,0.10495448857545853
771223,MAE,5.472116947174072
771223,MSE,49.82666015625
771232,RMSE,0.5811811685562134
771232,MAPE,0.006328140385448933
771232,MAE,0.43989741802215576
771232,MSE,0.33777153491973877
771295,RMSE,214.6029052734375
771295,MAPE,0.12857678532600403
771295,MAE,32.40154266357422
771295,MSE,46054.40625
771371,RMSE,0.7582683563232422
771371,MAPE,0.009997474029660225
771371,MAE,0.633274495601654
771371,MSE,0.5749709010124207
771386,RMSE,2.6485061645507812
771386,MAPE,0.03306468948721886
771386,MAE,2.165513753890991
771386,MSE,7.014584541320801
771410,RMSE,5.642477035522461
771410,MAPE,0.08254119753837585
771410,MAE,4.807997703552246
771410,MSE,31.83754539489746
771421,RMSE,5.831222057342529
771421,MAPE,0.239511176943779
771421,MAE,3.943016767501831
771421,MSE,34.003150939941406
771463,RMSE,2.07462477684021
771463,MAPE,0.024187779054045677
771463,MAE,1.4221608638763428
771463,MSE,4.304068088531494
771542,RMSE,0.7227042317390442
771542,MAPE,0.00963271502405405
771542,MAE,0.6100937128067017
771542,MSE,0.522301435470581
771553,RMSE,6.016064643859863
771553,MAPE,0.1537645310163498
771553,MAE,4.831216335296631
771553,MSE,36.19303512573242
771673,RMSE,2.2239108085632324
771673,MAPE,0.027612993493676186
771673,MAE,1.769533395767212
771673,MSE,4.945779800415039
771692,RMSE,2.4739532470703125
771692,MAPE,0.030713526532053947
771692,MAE,1.8899091482162476
771692,MSE,6.1204447746276855
771708,RMSE,5.3052496910095215
771708,MAPE,0.054349206387996674
771708,MAE,2.722369432449341
771708,MSE,28.145673751831055
771721,RMSE,76.57844543457031
771721,MAPE,0.11454258859157562
771721,MAE,7.1367387771606445
771721,MSE,5864.2587890625
771877,RMSE,2.154986619949341
771877,MAPE,0.02484600991010666
771877,MAE,1.444381594657898
771877,MSE,4.643967628479004
771915,RMSE,6.305994510650635
771915,MAPE,0.12411919236183167
771915,MAE,4.658917427062988
771915,MSE,39.76556396484375
771916,RMSE,11.229559898376465
771916,MAPE,0.20098386704921722
771916,MAE,10.56729793548584
771916,MSE,126.10301971435547
771981,RMSE,8.872385025024414
771981,MAPE,0.1357882022857666
771981,MAE,6.303265571594238
771981,MSE,78.7192153930664
772076,RMSE,32.66884231567383
772076,MAPE,0.18617233633995056
772076,MAE,12.457612037658691
772076,MSE,1067.253173828125
772107,RMSE,12.952574729919434
772107,MAPE,0.2346242219209671
772107,MAE,11.999014854431152
772107,MSE,167.76918029785156
772140,RMSE,3.345587968826294
772140,MAPE,0.047968994826078415
772140,MAE,2.2044694423675537
772140,MSE,11.19295883178711
772420,RMSE,85.08204650878906
772420,MAPE,0.07071928679943085
772420,MAE,6.074850082397461
772420,MSE,7238.9541015625
772454,RMSE,6.90858793258667
772454,MAPE,0.21247753500938416
772454,MAE,5.54066276550293
772454,MSE,47.72858810424805
772501,RMSE,7.378407955169678
772501,MAPE,0.04982124641537666
772501,MAE,3.1687686443328857
772501,MSE,54.44090270996094
772527,RMSE,7.0444817543029785
772527,MAPE,0.17852561175823212
772527,MAE,5.564091682434082
772527,MSE,49.62472152709961
772529,RMSE,5.393481731414795
772529,MAPE,0.08249399065971375
772529,MAE,3.850696563720703
772529,MSE,29.089643478393555
772539,RMSE,2.1852152347564697
772539,MAPE,0.0273188017308712
772539,MAE,1.7435872554779053
772539,MSE,4.775166034698486
772583,RMSE,7.804738521575928
772583,MAPE,0.12287227809429169
772583,MAE,6.767947196960449
772583,MSE,60.9139404296875
772609,RMSE,6.215708255767822
772609,MAPE,0.09068641066551208
772609,MAE,4.349264144897461
772609,MSE,38.63502883911133
772701,RMSE,7.877162456512451
772701,MAPE,0.13116401433944702
772701,MAE,6.718681335449219
772701,MSE,62.049686431884766
772889,RMSE,4.770742416381836
772889,MAPE,0.08405083417892456
772889,MAE,3.83622670173645
772889,MSE,22.759984970092773
772905,RMSE,5.938016414642334
772905,MAPE,0.11204468458890915
772905,MAE,5.13749361038208
772905,MSE,35.26003646850586
772932,RMSE,65.62652587890625
772932,MAPE,0.10197515040636063
772932,MAE,8.428813934326172
772932,MSE,4306.84130859375
772966,RMSE,2.358365297317505
772966,MAPE,0.029685495421290398
772966,MAE,1.8660022020339966
772966,MSE,5.561886787414551
773000,RMSE,4.422097206115723
773000,MAPE,0.044840820133686066
773000,MAE,2.8911972045898438
773000,MSE,19.554943084716797
773221,RMSE,0.7582683563232422
773221,MAPE,0.009997474029660225
773221,MAE,0.633274495601654
773221,MSE,0.5749709010124207
773281,RMSE,2.202113389968872
773281,MAPE,0.027236303314566612
773281,MAE,1.7598695755004883
773281,MSE,4.849303722381592
773294,RMSE,4.403380870819092
773294,MAPE,0.05579278618097305
773294,MAE,3.378084182739258
773294,MSE,19.3897647857666
773362,RMSE,5.429347515106201
773362,MAPE,0.07731400430202484
773362,MAE,4.557860851287842
773362,MSE,29.477813720703125
773423,RMSE,7.897387981414795
773423,MAPE,0.1229276955127716
773423,MAE,6.5266900062561035
773423,MSE,62.36874008178711
773440,RMSE,2.4739532470703125
773440,MAPE,0.030713526532053947
773440,MAE,1.8899091482162476
773440,MSE,6.1204447746276855
773459,RMSE,6.771138668060303
773459,MAPE,0.08666818588972092
773459,MAE,5.016064643859863
773459,MSE,45.84832000732422
773473,RMSE,6.230147361755371
773473,MAPE,0.0934879332780838
773473,MAE,4.430830478668213
773473,MSE,38.814735412597656
773506,RMSE,0.7317060828208923
773506,MAPE,0.009320324286818504
773506,MAE,0.5900341272354126
773506,MSE,0.5353937745094299
773522,RMSE,7.461995601654053
773522,MAPE,0.1430666297674179
773522,MAE,5.556077480316162
773522,MSE,55.68138122558594
773535,RMSE,61.14059829711914
773535,MAPE,0.05640800669789314
773535,MAE,6.702754497528076
773535,MSE,3738.172607421875
773749,RMSE,6.637048244476318
773749,MAPE,0.06580492109060287
773749,MAE,3.6346123218536377
773749,MSE,44.050411224365234
773796,RMSE,9.24902057647705
773796,MAPE,0.06426035612821579
773796,MAE,3.530071258544922
773796,MSE,85.54438018798828
773880,RMSE,12.389963150024414
773880,MAPE,0.042163748294115067
773880,MAE,2.984412908554077
773880,MSE,153.5111846923828
773881,RMSE,3.024224042892456
773881,MAPE,0.038527630269527435
773881,MAE,2.3896889686584473
773881,MSE,9.145931243896484
773891,RMSE,0.7227042317390442
773891,MAPE,0.00963271502405405
773891,MAE,0.6100937128067017
773891,MSE,0.522301435470581
773975,RMSE,6.321888446807861
773975,MAPE,0.0755978375673294
773975,MAE,4.357348918914795
773975,MSE,39.96627426147461
774011,RMSE,335.57745361328125
774011,MAPE,0.36717185378074646
774011,MAE,29.713336944580078
774011,MSE,112612.2265625
774013,RMSE,3.12404727935791
774013,MAPE,0.043918855488300323
774013,MAE,2.7248265743255615
774013,MSE,9.759671211242676
774031,RMSE,2.2239108085632324
774031,MAPE,0.027612993493676186
774031,MAE,1.769533395767212
774031,MSE,4.945779800415039
774032,RMSE,7.654654026031494
774032,MAPE,0.08665227144956589
774032,MAE,4.656899452209473
774032,MSE,58.593727111816406
774067,RMSE,4.2187676429748535
774067,MAPE,0.06038974970579147
774067,MAE,3.112922430038452
774067,MSE,17.797998428344727
774097,RMSE,5.635320663452148
774097,MAPE,0.06868735700845718
774097,MAE,3.853729248046875
774097,MSE,31.7568416595459
774105,RMSE,5.710539817810059
774105,MAPE,0.12217334657907486
774105,MAE,4.52630615234375
774105,MSE,32.61026382446289
774125,RMSE,6.78460693359375
774125,MAPE,0.12733879685401917
774125,MAE,5.34434700012207
774125,MSE,46.03089141845703
774165,RMSE,5.665704727172852
774165,MAPE,0.08257117867469788
774165,MAE,4.732519149780273
774165,MSE,32.1002082824707
774166,RMSE,8.022716522216797
774166,MAPE,0.12912555038928986
774166,MAE,6.01251220703125
774166,MSE,64.36398315429688
774167,RMSE,1.850601315498352
774167,MAPE,0.029272692278027534
774167,MAE,1.4126437902450562
774167,MSE,3.42472505569458
774182,RMSE,7.183553218841553
774182,MAPE,0.20296837389469147
774182,MAE,5.840263843536377
774182,MSE,51.60343551635742
774183,RMSE,7.9784626960754395
774183,MAPE,0.10791944712400436
774183,MAE,6.288464069366455
774183,MSE,63.65586853027344
774226,RMSE,2.1746420860290527
774226,MAPE,0.027348821982741356
774226,MAE,1.7372792959213257
774226,MSE,4.729068279266357
774227,RMSE,2.49802827835083
774227,MAPE,0.03082679770886898
774227,MAE,1.9057704210281372
774227,MSE,6.240145206451416
774279,RMSE,6.407381057739258
774279,MAPE,0.08928925544023514
774279,MAE,5.299953937530518
774279,MSE,41.054534912109375
774344,RMSE,5.660935878753662
774344,MAPE,0.10375817865133286
774344,MAE,4.184656143188477
774344,MSE,32.04619598388672
774443,RMSE,7.453004360198975
774443,MAPE,0.041199181228876114
774443,MAE,2.710047483444214
774443,MSE,55.54727554321289
774620,RMSE,3.300261974334717
774620,MAPE,0.05052027851343155
774620,MAE,2.5443835258483887
774620,MSE,10.891728401184082
774639,RMSE,2.777247905731201
774639,MAPE,0.04863380640745163
774639,MAE,2.2990236282348633
774639,MSE,7.713106155395508
774644,RMSE,6.760000705718994
774644,MAPE,0.11906572431325912
774644,MAE,5.57269287109375
774644,MSE,45.697608947753906
774704,RMSE,6.35559606552124
774704,MAPE,0.12685483694076538
774704,MAE,4.522969722747803
774704,MSE,40.39360046386719
774729,RMSE,79.44569396972656
774729,MAPE,0.42272284626960754
774729,MAE,16.055686950683594
774729,MSE,6311.61865234375
774731,RMSE,6.461389541625977
774731,MAPE,0.11228778958320618
774731,MAE,5.330841064453125
774731,MSE,41.74955749511719
774800,RMSE,5182316.5
774800,MAPE,0.10760965198278427
774800,MAE,145538.28125
774800,MSE,26856403238912.0
774841,RMSE,8.847761154174805
774841,MAPE,0.2672889530658722
774841,MAE,6.581598281860352
774841,MSE,78.28288269042969
774854,RMSE,4.898505210876465
774854,MAPE,0.0737047865986824
774854,MAE,4.333085536956787
774854,MSE,23.99535369873047
774857,RMSE,4.259620666503906
774857,MAPE,0.052935484796762466
774857,MAE,3.3328661918640137
774857,MSE,18.144367218017578
774929,RMSE,6.872856616973877
774929,MAPE,0.10523644834756851
774929,MAE,5.293113708496094
774929,MSE,47.23616027832031
775136,RMSE,2.4094903469085693
775136,MAPE,0.04816025123000145
775136,MAE,1.9208133220672607
775136,MSE,5.805643558502197
775170,RMSE,5.8050994873046875
775170,MAPE,0.08862892538309097
775170,MAE,4.374403476715088
775170,MSE,33.699180603027344
775214,RMSE,10.12299919128418
775214,MAPE,0.16489161550998688
775214,MAE,8.344112396240234
775214,MSE,102.47510528564453
775230,RMSE,0.7582683563232422
775230,MAPE,0.009997474029660225
775230,MAE,0.633274495601654
775230,MSE,0.5749709010124207
775240,RMSE,3.2775511741638184
775240,MAPE,0.044385917484760284
775240,MAE,2.917750120162964
775240,MSE,10.742341995239258
775276,RMSE,7.308597087860107
775276,MAPE,0.20424073934555054
775276,MAE,6.136416435241699
775276,MSE,53.415592193603516
775337,RMSE,3.839024782180786
775337,MAPE,0.056184425950050354
775337,MAE,3.2838869094848633
775337,MSE,14.738110542297363
775343,RMSE,2.4363327026367188
775343,MAPE,0.04812096059322357
775343,MAE,1.9413059949874878
775343,MSE,5.935717582702637
775349,RMSE,3.7677948474884033
775349,MAPE,0.05456365644931793
775349,MAE,3.008758544921875
775349,MSE,14.19627857208252
775425,RMSE,0.7227042317390442
775425,MAPE,0.00963271502405405
775425,MAE,0.6100937128067017
775425,MSE,0.522301435470581
775426,RMSE,7.505452632904053
775426,MAPE,0.05399203300476074
775426,MAE,3.0794806480407715
775426,MSE,56.33182144165039
775443,RMSE,7.5947265625
775443,MAPE,0.11510520428419113
775443,MAE,6.229519367218018
775443,MSE,57.67987060546875
775538,RMSE,2.49802827835083
775538,MAPE,0.03082679770886898
775538,MAE,1.9057704210281372
775538,MSE,6.240145206451416
775689,RMSE,3.893331527709961
775689,MAPE,0.05270947888493538
775689,MAE,2.7132222652435303
775689,MSE,15.15803050994873
775975,RMSE,14.194355964660645
775975,MAPE,0.2404506653547287
775975,MAE,11.909507751464844
775975,MSE,201.479736328125
776136,RMSE,5.478484153747559
776136,MAPE,0.08936513215303421
776136,MAE,4.077791690826416
776136,MSE,30.01378631591797
776203,RMSE,21.750259399414062
776203,MAPE,0.0832337960600853
776203,MAE,2.6463286876678467
776203,MSE,473.0738220214844
776440,RMSE,0.7582683563232422
776440,MAPE,0.009997474029660225
776440,MAE,0.633274495601654
776440,MSE,0.5749709010124207
776457,RMSE,6.551708221435547
776457,MAPE,0.09182474762201309
776457,MAE,4.4907917976379395
776457,MSE,42.92488098144531
776465,RMSE,9.986376762390137
776465,MAPE,0.17218852043151855
776465,MAE,7.92422342300415
776465,MSE,99.72772216796875
776629,RMSE,7.767187595367432
776629,MAPE,0.28175708651542664
776629,MAE,6.411265850067139
776629,MSE,60.32920455932617
776691,RMSE,11.617634773254395
776691,MAPE,0.10697416961193085
776691,MAE,4.951483249664307
776691,MSE,134.9694366455078
776711,RMSE,10.663819313049316
776711,MAPE,0.17243100702762604
776711,MAE,8.435660362243652
776711,MSE,113.71703338623047
776826,RMSE,5.16817045211792
776826,MAPE,0.041669730097055435
776826,MAE,2.44889235496521
776826,MSE,26.709985733032227
776843,RMSE,0.7227042317390442
776843,MAPE,0.00963271502405405
776843,MAE,0.6100937128067017
776843,MSE,0.522301435470581
776986,RMSE,10.127862930297852
776986,MAPE,0.1845865398645401
776986,MAE,5.575542449951172
776986,MSE,102.57361602783203
777213,RMSE,6.729109764099121
777213,MAPE,0.08367437869310379
777213,MAE,5.070743560791016
777213,MSE,45.28091812133789
777223,RMSE,0.7227042317390442
777223,MAPE,0.00963271502405405
777223,MAE,0.6100937128067017
777223,MSE,0.522301435470581
